{
  "planet_id": 0,
  "planet_name": "On a Cob",
  "run_number": 2,
  "timestamp": "2025-11-05T14:55:41.009022",
  "results": [
    0,
    0,
    0,
    1,
    1,
    1,
    1,
    0,
    0,
    0,
    0,
    1,
    1,
    1,
    1,
    1,
    1,
    1,
    0,
    0,
    0,
    1,
    0,
    1,
    1,
    1,
    1,
    1,
    0,
    0,
    0,
    0,
    0,
    1,
    1,
    1,
    1,
    0,
    0,
    0,
    0,
    0,
    1,
    1,
    1,
    1,
    1,
    0,
    0,
    0,
    0,
    0,
    0,
    0,
    1,
    1,
    1,
    1
  ],
  "success_rate": 0.5172413793103449,
  "total_trips": 58
}